row,target_doi,cited_work_id,scholar_result_id,citing_work_id,title,doi,year,authors,institutions,countries,states_provinces,duplicate_of_result_id,is_direct_self_citation,source_page_url,publication_url,retrieved_at
1,10.1109/tase.2023.3236306,W4316660809,DfMXTlnlS2kJ,W4415624368,Observer-Based Fuzzy Boundary Dissipative Control of Parabolic PDE System With Parameter Uncertainties Under Dynamic Quantization,10.1109/tsmc.2025.3622967,2025,"[""Teng‐Fei Li"", ""Xiao‐Heng Chang"", ""Ju H. Park""]","[""Foshan University"", ""Wuhan University of Science and Technology"", ""Yeungnam University""]","[""CN"", ""KR""]","[""Daegu"", ""Guangdong"", ""Hubei""]",,False,https://scholar.google.com/scholar?cites=17982578804515414946&start=0&hl=en,https://ieeexplore.ieee.org/abstract/document/11219417/,2026-09-09 14:18:36 UTC
2,10.1109/tase.2023.3236306,W4316660809,sHwcQNhpVLwJ,W4412072274,Quantized dissipative control for fuzzy hot strip mill cooling system under input constraint via dynamic output feedback approach,10.1016/j.amc.2025.129615,2025,"[""Teng‐Fei Li"", ""Liming Ding"", ""Xiong Jun"", ""Haibing Li""]","[""Foshan University"", ""Huaihua University"", ""Wuhan University of Science and Technology""]","[""CN""]","[""Guangdong"", ""Hubei"", ""Hunan""]",,False,https://scholar.google.com/scholar?cites=17982578804515414946&start=0&hl=en,https://www.sciencedirect.com/science/article/pii/S0096300325003418,2026-09-09 14:18:36 UTC
3,10.1109/tase.2023.3236306,W4316660809,WMK6N49D8YcJ,W4415220578,Multi-objective load distribution in strip hot rolling with multiple roller profiles based on RPK-Net and a distributed TDADE algorithm,10.1016/j.eswa.2025.130016,2025,"[""Yanjiu Zhong"", ""Qiang Zhang"", ""Shuai Chen"", ""Keke Li"", ""Daye Yang"", ""Linghui Hu""]","[""Anhui University"", ""Hefei University of Technology"", ""Shanghai Jiao Tong University"", ""Zhejiang Energy Group (China)""]","[""CN""]","[""Anhui"", ""Shanghai"", ""Zhejiang""]",,False,https://scholar.google.com/scholar?cites=17982578804515414946&start=0&hl=en,https://www.sciencedirect.com/science/article/pii/S0957417425036322,2026-09-09 14:18:36 UTC
4,10.1109/tase.2023.3236306,W4316660809,WeEy30HoAk0J,W4402810904,Energy Consumption Prediction for Manufacturing in Industrial IoT Based on Heterogeneous GNN,10.1109/iccc62479.2024.10681781,2024,"[""Xuan Su"", ""Mingyan Li"", ""Qihao Li"", ""Chao Chen"", ""Songtao Guo"", ""Xu Wang""]","[""Chongqing University"", ""Jilin University""]","[""CN""]","[""Chongqing"", ""Jilin""]",,False,https://scholar.google.com/scholar?cites=17982578804515414946&start=0&hl=en,https://ieeexplore.ieee.org/abstract/document/10681781/,2026-09-09 14:18:36 UTC
5,10.1109/tase.2023.3236306,W4316660809,M_QYGay2EsQJ,W7206203312,A hierarchical multi-task learning-based electrical energy consumption prediction method with application to the hot strip rolling mill process,10.1016/j.eswa.2026.134256,2026,"[""Kai Zhang"", ""Zongxu Cao"", ""Kaixiang Peng"", ""Yibin Rui""]","[""Taiyuan Heavy Industry (China)"", ""University of Science and Technology Beijing""]","[""CN""]","[""Beijing"", ""Shanxi""]",,False,https://scholar.google.com/scholar?cites=17982578804515414946&start=0&hl=en,https://www.sciencedirect.com/science/article/pii/S0957417426031623,2026-09-09 14:18:36 UTC
6,10.1109/tase.2023.3236306,W4316660809,dG1zOkc36EEJ,W7160960716,Energy consumption prediction of hydraulic systems based on Archimedes Algorithm-Optimized Multi-Level information fusion,10.1016/j.eswa.2026.132810,2026,"[""Qing Pan"", ""Yifei Zhai"", ""Chenyang Wen"", ""Yuliang Wan"", ""Yibo Li"", ""Minghui Huang""]","[""Central South University""]","[""CN""]","[""Hunan""]",,False,https://scholar.google.com/scholar?cites=17982578804515414946&start=0&hl=en,https://www.sciencedirect.com/science/article/pii/S0957417426017239,2026-09-09 14:18:36 UTC
7,10.1109/tase.2023.3236306,W4316660809,p3vNHseAzfgJ,W4405421706,Hybrid prediction model for strip width based on improved mechanism and data-driven model,10.1007/s42243-024-01400-5,2024,"[""Jia-liang Wang"", ""Jingcheng Wang"", ""Chaobo Chen"", ""Kangbo Dang"", ""Song Gao""]","[""Shanghai Jiao Tong University"", ""Xi'an Technological University""]","[""CN""]","[""Shaanxi"", ""Shanghai""]",,False,https://scholar.google.com/scholar?cites=17982578804515414946&start=0&hl=en,https://link.springer.com/article/10.1007/s42243-024-01400-5,2026-09-09 14:18:36 UTC
8,10.1109/tase.2023.3236306,W4316660809,ZXz_CUV7LlYJ,W4388740257,A Novel Series-Concatenation Hybrid Prediction Model of Energy Consumption in Hot Strip Roughing Process With Multi-Step Rolling,10.1109/tase.2023.3299185,2023,"[""Yanjiu Zhong"", ""Jingcheng Wang"", ""Jun Rao"", ""Jiahui Xu"", ""Shunyu Wu""]","[""Shanghai Jiao Tong University""]","[""CN""]","[""Shanghai""]",,True,https://scholar.google.com/scholar?cites=17982578804515414946&start=0&hl=en,https://ieeexplore.ieee.org/abstract/document/10320311/,2026-09-09 14:18:36 UTC
9,10.1109/tase.2023.3236306,W4316660809,delyrF7NxsoJ,W4406802685,Mechanism- and data-driven algorithms of electrical energy consumption accounting and prediction for medium and heavy plate rolling,10.3934/era.2025019,2025,"[""Qiang Guo"", ""Zimeng Zhou"", ""Jie Li"", ""Fengwei Jing""]","[""University of Science and Technology Beijing""]","[""CN""]","[""Beijing""]",,False,https://scholar.google.com/scholar?cites=17982578804515414946&start=0&hl=en,https://www.aimspress.com/aimspress-data/era/2025/1/PDF/era-33-01-019.pdf,2026-09-09 14:18:36 UTC
10,10.1109/tase.2023.3236306,W4316660809,_mBxlz8s6_sJ,W7130653856,A novel multi-task learning-based electrical energy consumption prediction method with application to a hot strip rolling mill process,10.1016/j.epsr.2026.112878,2026,"[""Kai Zhang"", ""Zongxu Cao"", ""Yali Wang"", ""Yibin Rui""]","[""Taiyuan Heavy Industry (China)"", ""University of Science and Technology Beijing""]","[""CN""]","[""Beijing"", ""Shanxi""]",,False,https://scholar.google.com/scholar?cites=17982578804515414946&start=0&hl=en,https://www.sciencedirect.com/science/article/pii/S0378779626001719,2026-09-09 14:18:36 UTC
11,10.1109/tase.2023.3236306,W4316660809,30NFZCk7dtUJ,W6903285081,An Automated Mechanical Property Testing System Based on Electric Field Assistance and Non-Contact Signal Measurement,10.1109/tim.2025.3548247,2025,"[""Xiaochuan Liu"", ""Ming Ming"", ""Lihua Du"", ""Huiyuan Xu"", ""Chenyu Li"", ""Shengzhe Li"", ""Denis J. Politis"", ""Di Zhang"", ""Heli Liu"", ""Xuefeng Chen""]","[""AviChina Industry & Technology (China)"", ""Imperial College London"", ""University of Cyprus"", ""Xi'an Jiaotong University""]","[""CN"", ""CY"", ""GB""]","[""Beijing"", ""England"", ""Nicosia"", ""Shaanxi""]",,False,https://scholar.google.com/scholar?cites=17982578804515414946&start=10&hl=en,https://ieeexplore.ieee.org/abstract/document/10912737/,2026-09-09 14:18:36 UTC
12,10.1109/tase.2023.3236306,W4316660809,JpUJCoyB24UJ,W7160597376,Smart City Energy Consumption Prediction Using Machine Learning,10.1109/icbiti65527.2025.11500812,2025,"[""Ghassan Issa"", ""Channaganu Paramaiah"", ""Khalid Almaazmi"", ""Ayman AbuBaker""]","[""Applied Science Private University"", ""Skyline University College""]","[""AE"", ""JO""]","[""Amman"", ""Emirate of Sharjah""]",,False,https://scholar.google.com/scholar?cites=17982578804515414946&start=10&hl=en,https://ieeexplore.ieee.org/abstract/document/11500812/,2026-09-09 14:18:36 UTC
13,10.1109/tase.2023.3236306,W4316660809,sB3K_PozSxMJ,W4391095559,Prediction of Strip Width in Finishing-Mill Group Based on PCA-PSO-LightGBM,10.1109/icicsp59554.2023.10390590,2023,"[""Jialiang Wang"", ""Runyun Yao"", ""Jingcheng Wang"", ""Jichao Li""]","[""Shanghai Jiao Tong University"", ""Xi'an Technological University""]","[""CN""]","[""Shaanxi"", ""Shanghai""]",,False,https://scholar.google.com/scholar?cites=17982578804515414946&start=10&hl=en,https://ieeexplore.ieee.org/abstract/document/10390590/,2026-09-09 14:18:36 UTC
14,10.1016/j.eswa.2024.124508,W4399709078,8ruAaEWj6usJ,W4408960580,Adaptive sparse lightweight multi-scale hybrid network for remote sensing image semantic segmentation,10.1016/j.eswa.2025.127347,2025,"[""Haonan Sun"", ""Xiaohui He"", ""Haofei Li"", ""Jinlan Kong"", ""Mengjia Qiao"", ""Xijie Cheng"", ""Panle Li"", ""Jian Zhang"", ""Renyi Liu"", ""Jiandong Shang""]","[""Zhejiang University"", ""Zhengzhou University""]","[""CN""]","[""Henan"", ""Zhejiang""]",,False,https://scholar.google.com/scholar?cites=10782110211194483263&start=0&hl=en,https://www.sciencedirect.com/science/article/pii/S0957417425009698,2026-09-09 14:18:36 UTC
15,10.1016/j.eswa.2024.124508,W4399709078,WRbX_5LR948J,W4413754711,End-to-End Stochastic Predict-Then-Optimize for Cost-Efficient Water-Energy Resource Scheduling,10.1109/tsg.2025.3601238,2025,"[""Shunyu Wu"", ""Jingcheng Wang"", ""Haotian Xu"", ""Yanjiu Zhong"", ""Jun Rao""]","[""Hefei University of Technology"", ""Ministry of Education of the People's Republic of China"", ""Shandong University"", ""Shanghai Jiao Tong University""]","[""CN""]","[""Anhui"", ""Beijing"", ""Shandong"", ""Shanghai""]",,True,https://scholar.google.com/scholar?cites=10782110211194483263&start=0&hl=en,https://ieeexplore.ieee.org/abstract/document/11142824/,2026-09-09 14:18:36 UTC
16,10.1016/j.eswa.2024.124508,W4399709078,YHgFpVm4duMJ,W4412533860,Optimizing supply chain operations using advanced Time-Series Mixer models for demand forecasting and inventory under uncertain demand,10.1016/j.eswa.2025.128955,2025,"[""Thị Ngọc Anh Nguyễn"", ""Thị Ngọc Anh Nguyễn"", ""Thi Xuan Hoa Nguyen"", ""Thi Xuan Hoa Nguyen"", ""Ngoc Thang Tran"", ""Thi Ha Nguyen"", ""Thi Ha Nguyen"", ""Phuong Anh Nguyen"", ""Hai Anh Vu""]","[""Hanoi University of Science and Technology""]","[""VN""]","[""Hanoi""]",,False,https://scholar.google.com/scholar?cites=10782110211194483263&start=0&hl=en,https://www.sciencedirect.com/science/article/pii/S0957417425025722,2026-09-09 14:18:36 UTC
17,10.1016/j.eswa.2024.124508,W4399709078,luHe6qhg-N4J,W7165128626,Deep Learning for Operation and Maintenance of Urban Lifeline Systems: A Comprehensive Review,10.1061/jitse4.iseng-2916,2026,"[""Xianfei Yin"", ""Junxiang Zhao"", ""Ruiyan Zheng""]","[""City University of Hong Kong""]","[""HK""]","[""Hong Kong S.A.R.""]",,False,https://scholar.google.com/scholar?cites=10782110211194483263&start=0&hl=en,https://ascelibrary.org/doi/abs/10.1061/JITSE4.ISENG-2916,2026-09-09 14:18:36 UTC
18,10.1016/j.eswa.2024.124508,W4399709078,ZGSMVVWI6QcJ,W4416747394,STRNet: dual-branch synergistic network with interactive fusion for remote sensing semantic segmentation,10.1007/s40747-025-02181-4,2025,"[""Minjun Zhai"", ""Donghua Chen"", ""Yibo Duan"", ""Qihang Zhen"", ""Jian Zheng"", ""Minmin Pei"", ""Xing Guo""]","[""Anhui Normal University"", ""Anhui University"", ""Chuzhou University"", ""Fujian Normal University"", ""Xinjiang Normal University""]","[""CN""]","[""Anhui"", ""Fujian"", ""Xinjiang""]",,False,https://scholar.google.com/scholar?cites=10782110211194483263&start=0&hl=en,https://link.springer.com/article/10.1007/s40747-025-02181-4,2026-09-09 14:18:36 UTC
19,10.1016/j.eswa.2024.124508,W4399709078,u82403t1hi0J,W4416427853,Cross-task interactive attention for typhoon intensity and track forecasting,10.1016/j.eswa.2025.130501,2025,"[""Wenhui Li"", ""Jingyi Wang"", ""Yue Li"", ""Dan Song"", ""Xuan Peng"", ""Zhiqiang Wei"", ""An-An Liu""]","[""China Meteorological Administration"", ""National University of Defense Technology"", ""Ocean University of China"", ""Tianjin University""]","[""CN""]","[""Beijing"", ""Hunan"", ""Shandong"", ""Tianjin""]",,False,https://scholar.google.com/scholar?cites=10782110211194483263&start=0&hl=en,https://www.sciencedirect.com/science/article/pii/S0957417425041168,2026-09-09 14:18:36 UTC
20,10.1016/j.eswa.2024.124508,W4399709078,UQKs3rNTtsEJ,W4408973948,Tracking control for nonlinear multi-agent systems: a first-order DPG framework with initial admissible control policy method,10.1007/s11071-025-11097-0,2025,"[""Jun Rao"", ""Jingcheng Wang"", ""Jiahui Xu"", ""Yanjiu Zhong""]","[""Shanghai Jiao Tong University""]","[""CN""]","[""Shanghai""]",,False,https://scholar.google.com/scholar?cites=10782110211194483263&start=0&hl=en,https://link.springer.com/article/10.1007/s11071-025-11097-0,2026-09-09 14:18:36 UTC
21,10.1016/j.eswa.2024.124508,W4399709078,rkwK1abhRTgJ,W7155051385,Sustainable Water Allocation in Karst Regions: A Multi-Objective Framework Integrating Ecological Flow and Intelligent Demand Forecasting,10.3390/su18084108,2026,"[""Yunfa Gao"", ""Ming Zhong"", ""Jie Xu"", ""Guang Yang""]","[""Guizhou Water Conservancy and Hydropower Survey and Design Institute"", ""Nanjing Hydraulic Research Institute""]","[""CN""]","[""Guizhou"", ""Jiangsu""]",,False,https://scholar.google.com/scholar?cites=10782110211194483263&start=0&hl=en,https://www.mdpi.com/2071-1050/18/8/4108,2026-09-09 14:18:36 UTC
22,10.1016/j.eswa.2024.124508,W4399709078,kLaH7VODME4J,W7163748389,Unified Loss-Level Regularization for Spike-Aware and Anti-Lag Time Series Forecasting,10.1007/978-981-92-1462-4_21,2026,"[""Faiza Afzal"", ""EunSol Hyun"", ""A-Hyun Jo"", ""Jae‐Joong Kim"", ""Kyuchang Chang""]","[""Jeju National University""]","[""KR""]","[""Jeju-do""]",,False,https://scholar.google.com/scholar?cites=10782110211194483263&start=0&hl=en,https://link.springer.com/chapter/10.1007/978-981-92-1462-4_21,2026-09-09 14:18:36 UTC
23,10.1016/j.eswa.2024.124508,W4399709078,b0IChvd8F0QJ,W4412533860,Optimizing supply chain operations using advanced Time-Series Mixer models for demand forecasting and inventory under uncertain demand,10.1016/j.eswa.2025.128955,2025,"[""Thị Ngọc Anh Nguyễn"", ""Thị Ngọc Anh Nguyễn"", ""Thi Xuan Hoa Nguyen"", ""Thi Xuan Hoa Nguyen"", ""Ngoc Thang Tran"", ""Thi Ha Nguyen"", ""Thi Ha Nguyen"", ""Phuong Anh Nguyen"", ""Hai Anh Vu""]","[""Hanoi University of Science and Technology""]","[""VN""]","[""Hanoi""]",YHgFpVm4duMJ,False,https://scholar.google.com/scholar?cites=10782110211194483263&start=0&hl=en,https://dl.acm.org/doi/abs/10.1016/j.eswa.2025.128955,2026-09-09 14:18:36 UTC
24,10.1016/j.eswa.2024.124508,W4399709078,mN5S-sT4lAsJ,W4400584655,Editorial to the Special Issue “Systems Engineering and Knowledge Management”,10.3390/info15070402,2024,"[""Vladimír Bureš""]","[""University of Hradec Králové""]","[""CZ""]","[""Hradec Králové""]",,False,https://scholar.google.com/scholar?cites=10782110211194483263&start=10&hl=en,https://www.mdpi.com/2078-2489/15/7/402,2026-09-09 14:18:36 UTC
25,10.1016/j.eswa.2024.124508,W4399709078,z8XaMzhssrAJ,W4402577629,A Diversified Integrated Model for Seasonal Product Demand Prediction,10.21203/rs.3.rs-4897840/v1,2024,"[""Bin Liu"", ""Hao Ding"", ""Yun Qiaoyun""]","[""University of Shanghai for Science and Technology""]","[""CN""]","[""Shanghai""]",,False,https://scholar.google.com/scholar?cites=10782110211194483263&start=10&hl=en,https://assets-eu.researchsquare.com/files/rs-4897840/v1/dac398d2-0697-427f-adb5-d802f65fa282.pdf,2026-09-09 14:18:36 UTC
26,10.1109/tsmc.2023.3344883,W4390829281,OuXAxymzr4oJ,W4416202049,Accelerated Intelligent Critic Tracking Predictive Control With Data Experience Replay for Unknown Nonlinear Systems,10.1109/tcyb.2025.3623591,2025,"[""Ding Wang"", ""Peng Xin"", ""Hua Wang"", ""Ao Liu"", ""Junfei Qiao""]","[""Beijing University of Technology"", ""Zhengzhou University""]","[""CN""]","[""Beijing"", ""Henan""]",,False,https://scholar.google.com/scholar?cites=9194898683237041119&start=0&hl=en,https://ieeexplore.ieee.org/abstract/document/11244176/,2026-09-09 14:18:36 UTC
27,10.1109/tsmc.2023.3344883,W4390829281,G2rrpJ41B-oJ,W7124941333,Reinforcement learning-based fault-tolerant control of nonlinear servo systems with performance guarantees,10.1007/s11071-025-11983-7,2026,"[""Ning Xie"", ""Shaoyu Lv"", ""Zhengguo Huang"", ""Hao Shen""]","[""Anhui University of Technology""]","[""CN""]","[""Anhui""]",,False,https://scholar.google.com/scholar?cites=9194898683237041119&start=0&hl=en,https://link.springer.com/article/10.1007/s11071-025-11983-7,2026-09-09 14:18:36 UTC
28,10.1109/tsmc.2023.3344883,W4390829281,J_9Qv_4CUOoJ,W7127962472,A novel model predictive control law for over-actuated space cable-driven manipulators,10.1016/j.conengprac.2026.106819,2026,"[""Wenlong Lin"", ""Wanquan Liu"", ""Xiangxiang Zou"", ""Deshan Meng"", ""Hui-Jie Sun"", ""Ping Wang"", ""Muhammad Imran""]","[""Central South University"", ""Harbin Institute of Technology"", ""National University of Sciences and Technology"", ""Sun Yat-sen University""]","[""CN"", ""PK""]","[""Guangdong"", ""Heilongjiang"", ""Hunan"", ""Islamabad""]",,False,https://scholar.google.com/scholar?cites=9194898683237041119&start=0&hl=en,https://www.sciencedirect.com/science/article/pii/S0967066126000638,2026-09-09 14:18:36 UTC
29,10.1109/tsmc.2023.3344883,W4390829281,gh5gw07GCdsJ,W4397026601,Fuzzy-Based Optimal Control for Stochastic Nonlinear Systems With Constrained Inputs via Dynamic Event-Triggering,10.1109/tfuzz.2024.3402348,2024,"[""Chenyi Si"", ""Chaoxu Mu"", ""Ke Wang"", ""Song Zhu"", ""Jinpeng Yu""]","[""China University of Mining and Technology"", ""Qingdao University"", ""Tianjin University""]","[""CN""]","[""Jiangsu"", ""Shandong"", ""Tianjin""]",,False,https://scholar.google.com/scholar?cites=9194898683237041119&start=0&hl=en,https://ieeexplore.ieee.org/abstract/document/10533664/,2026-09-09 14:18:36 UTC
30,10.1109/tsmc.2023.3344883,W4390829281,B9domNFx7N0J,W7162212290,Adaptive dynamic programming for controlling constrained nonlinear systems: a survey and recent advances,10.1080/21642583.2026.2671530,2026,"[""Bo Zhao"", ""Mingduo Lin"", ""Guoling Yuan""]","[""Beijing Normal University"", ""Southern University of Science and Technology""]","[""CN""]","[""Beijing"", ""Guangdong""]",,False,https://scholar.google.com/scholar?cites=9194898683237041119&start=0&hl=en,https://www.tandfonline.com/doi/abs/10.1080/21642583.2026.2671530,2026-09-09 14:18:36 UTC
31,10.1109/tsmc.2023.3344883,W4390829281,AzmbJ0CAJBYJ,W4393188243,Parallel Cross Entropy Policy Gradient Adaptive Dynamic Programming for Optimal Tracking Control of Discrete-Time Nonlinear Systems,10.1109/tsmc.2024.3373456,2024,"[""Jiahui Xu"", ""Jingcheng Wang"", ""Jun Rao"", ""Yanjiu Zhong"", ""Shunyu Wu"", ""Qifang Sun""]","[""Shanghai Jiao Tong University""]","[""CN""]","[""Shanghai""]",,True,https://scholar.google.com/scholar?cites=9194898683237041119&start=0&hl=en,https://ieeexplore.ieee.org/abstract/document/10479581/,2026-09-09 14:18:36 UTC
32,10.1109/tsmc.2023.3344883,W4390829281,P03Go880XXcJ,W7168280566,Adaptive Safe Reinforcement Learning With Energy Dissipation Principles,10.1109/tsmc.2026.3711442,2026,"[""Hainan Zhang"", ""Changchun Hua"", ""Jiannan Chen"", ""Xi Luo""]","[""Yanshan University""]","[""CN""]","[""Hebei""]",,False,https://scholar.google.com/scholar?cites=9194898683237041119&start=0&hl=en,https://ieeexplore.ieee.org/abstract/document/11609292/,2026-09-09 14:18:36 UTC
33,10.1109/tsmc.2023.3344883,W4390829281,bOg7hN-LPbcJ,W7154682570,A Model‐Free Non‐Zero‐Sum Game Framework for Safe and Optimal Vehicle Platooning Control,10.1002/rnc.70552,2026,"[""J T Liu"", ""Fei Chen"", ""Jing Yuan""]","[""Nankai University""]","[""CN""]","[""Tianjin""]",,False,https://scholar.google.com/scholar?cites=9194898683237041119&start=0&hl=en,https://onlinelibrary.wiley.com/doi/abs/10.1002/rnc.70552,2026-09-09 14:18:36 UTC
34,10.1109/tsmc.2023.3344883,W4390829281,SrNHKjSS8oUJ,W4412605216,Two-Loop Online Data-Driven Control for Oral Implantation Robots in Human–Robot Interaction,10.1109/tie.2025.3587116,2025,"[""Peng Chen"", ""Qiang Chen"", ""Chenguang Yang"", ""Xiongxiong He""]","[""University of Liverpool"", ""Zhejiang University of Technology""]","[""CN"", ""GB""]","[""England"", ""Zhejiang""]",,False,https://scholar.google.com/scholar?cites=9194898683237041119&start=0&hl=en,https://ieeexplore.ieee.org/abstract/document/11091605/,2026-09-09 14:18:36 UTC
35,10.1109/tsmc.2023.3344883,W4390829281,TlOR22cx_VsJ,W4407737363,Optimizing Rail Traffic with Reinforcement Learning and Graph Attention Networks,10.1109/sami63904.2025.10883318,2025,"[""Péter Farkas"", ""László Szőke"", ""Szilárd Aradi""]","[""Budapest University of Technology and Economics""]","[""HU""]","[""Budapest""]",,False,https://scholar.google.com/scholar?cites=9194898683237041119&start=0&hl=en,https://ieeexplore.ieee.org/abstract/document/10883318/,2026-09-09 14:18:36 UTC
36,10.1109/tsmc.2023.3344883,W4390829281,PQx3foyMsNsJ,W4412985535,Q-Learning Controller Design for Discrete-Time Nonlinear Systems with State and Input Constraints,10.1109/ccdc65474.2025.11090207,2025,"[""Gang Chen"", ""Wei Luo"", ""Yonggang Chen"", ""Feng Guo""]","[""Chongqing University"", ""Goldwind (China)""]","[""CN""]","[""Chongqing"", ""Xinjiang""]",,False,https://scholar.google.com/scholar?cites=9194898683237041119&start=10&hl=en,https://ieeexplore.ieee.org/abstract/document/11090207/,2026-09-09 14:18:36 UTC
37,10.1109/tase.2023.3299185,W4388740257,L9zabACDgK8J,W4409524339,Physics-informed generative regression for industrial process modeling in steel strip rolling,10.1016/j.eswa.2025.127713,2025,"[""Jifei Deng"", ""Seppo Sierla"", ""Jie Sun"", ""Valeriy Vyatkin""]","[""Aalto University"", ""Luleå University of Technology"", ""Northeastern University""]","[""CN"", ""FI"", ""SE""]","[""Liaoning"", ""Norrbotten"", ""Uusimaa""]",,False,https://scholar.google.com/scholar?cites=6210036472641191013&start=0&hl=en,https://www.sciencedirect.com/science/article/pii/S0957417425013351,2026-09-09 14:18:36 UTC
38,10.1109/tase.2023.3299185,W4388740257,HI6S_ORyHRgJ,W7114924552,Theory and construction of machine learning-driven CFD agent model: a bayesian-optimized CNN-LSTM framework,10.1016/j.jtice.2025.106577,2025,"[""Chunmao Pan"", ""Lingxing Hu"", ""Facheng Qiu"", ""Zhiliang Cheng"", ""Zhongjun Li"", ""Lanfeng Guo""]","[""Chongqing University of Technology"", ""Hubei Sinophorus Electronic Materials Co., Ltd."", ""Hubei Three Gorges Laboratory""]","[""CN""]","[""Chongqing"", ""Hubei""]",,False,https://scholar.google.com/scholar?cites=6210036472641191013&start=0&hl=en,https://www.sciencedirect.com/science/article/pii/S1876107025006297,2026-09-09 14:18:36 UTC
39,10.1109/tase.2023.3299185,W4388740257,UpUmVp2LprYJ,W7138148711,Efficiently Enhancing Long-term Series Forecasting via Adaptive Lookback with Wavelets,10.1609/aaai.v40i31.39797,2026,"[""Suxin Tong"", ""Jingling Yuan""]","[""Wuhan University of Technology""]","[""CN""]","[""Hubei""]",,False,https://scholar.google.com/scholar?cites=6210036472641191013&start=0&hl=en,https://ojs.aaai.org/index.php/AAAI/article/view/39797,2026-09-09 14:18:36 UTC
40,10.1109/tase.2023.3299185,W4388740257,WMK6N49D8YcJ,W4415220578,Multi-objective load distribution in strip hot rolling with multiple roller profiles based on RPK-Net and a distributed TDADE algorithm,10.1016/j.eswa.2025.130016,2025,"[""Yanjiu Zhong"", ""Qiang Zhang"", ""Shuai Chen"", ""Keke Li"", ""Daye Yang"", ""Linghui Hu""]","[""Anhui University"", ""Hefei University of Technology"", ""Shanghai Jiao Tong University"", ""Zhejiang Energy Group (China)""]","[""CN""]","[""Anhui"", ""Shanghai"", ""Zhejiang""]",,False,https://scholar.google.com/scholar?cites=6210036472641191013&start=0&hl=en,https://www.sciencedirect.com/science/article/pii/S0957417425036322,2026-09-09 14:18:36 UTC
41,10.1109/tase.2023.3299185,W4388740257,M_QYGay2EsQJ,W7206203312,A hierarchical multi-task learning-based electrical energy consumption prediction method with application to the hot strip rolling mill process,10.1016/j.eswa.2026.134256,2026,"[""Kai Zhang"", ""Zongxu Cao"", ""Kaixiang Peng"", ""Yibin Rui""]","[""Taiyuan Heavy Industry (China)"", ""University of Science and Technology Beijing""]","[""CN""]","[""Beijing"", ""Shanxi""]",,False,https://scholar.google.com/scholar?cites=6210036472641191013&start=0&hl=en,https://www.sciencedirect.com/science/article/pii/S0957417426031623,2026-09-09 14:18:36 UTC
42,10.1109/tase.2023.3299185,W4388740257,yIOVkPBIGmcJ,W4411018076,A novel distributed fine-grained energy consumption monitoring for large-scale nonlinear dynamic industrial processes,10.1080/00207543.2025.2513577,2025,"[""Kaixiang Peng"", ""Yujie Wei"", ""Tie Li"", ""Qin Xin"", ""Jie Dong""]","[""University of Science and Technology Beijing""]","[""CN""]","[""Beijing""]",,False,https://scholar.google.com/scholar?cites=6210036472641191013&start=0&hl=en,https://www.tandfonline.com/doi/abs/10.1080/00207543.2025.2513577,2026-09-09 14:18:36 UTC
43,10.1109/tase.2023.3299185,W4388740257,3jb1YeswktoJ,W4404563370,A Reinforcement Learning-Based Multistep Prediction Strategy for Burn-Through Point Using State Feature Extractor,10.1109/tim.2024.3502771,2024,"[""Junjin Mu"", ""Chunjie Yang"", ""Yan Feng"", ""Chong Yang"", ""Tao Lin""]","[""Hainan University"", ""State Key Laboratory of Industrial Control Technology"", ""University of Science and Technology Beijing""]","[""CN""]","[""Beijing"", ""Hainan"", ""Zhejiang""]",,False,https://scholar.google.com/scholar?cites=6210036472641191013&start=0&hl=en,https://ieeexplore.ieee.org/abstract/document/10758806/,2026-09-09 14:18:36 UTC
44,10.1109/tase.2023.3299185,W4388740257,OkCmS5fpg50J,W4410226400,Single-Period Optimal Inventory Control With Substitution: An End-to-End Framework,10.1109/tase.2025.3568642,2025,"[""Yuewei Zhang"", ""Hailei Gong"", ""Zhihai Zhang""]","[""Tsinghua University""]","[""CN""]","[""Beijing""]",,False,https://scholar.google.com/scholar?cites=6210036472641191013&start=0&hl=en,https://ieeexplore.ieee.org/abstract/document/10994796/,2026-09-09 14:18:36 UTC
45,10.1109/tsmc.2023.3327450,W4388579581,GOlbhmB-GiMJ,W4411055426,Adaptive Secure Finite-Time Optimal Control of Unknown Nonlinear Systems With State Constraints via Generalized Fuzzy Hyperbolic Models,10.1109/tnnls.2025.3565622,2025,"[""Hanguang Su"", ""Yi Cui"", ""Huaguang Zhang"", ""Xiangpeng Xie"", ""Xiaodong Liang"", ""Jiawei Wang""]","[""Nanjing University of Posts and Telecommunications"", ""Northeastern University"", ""State Key Laboratory of Synthetical Automation for Process Industries"", ""University of Saskatchewan""]","[""CA"", ""CN""]","[""Jiangsu"", ""Liaoning"", ""Saskatchewan""]",,False,https://scholar.google.com/scholar?cites=5565069619425376379&start=0&hl=en,https://ieeexplore.ieee.org/abstract/document/11025557/,2026-09-09 14:18:36 UTC
46,10.1109/tsmc.2023.3327450,W4388579581,GbBAR_1JwwAJ,local-aas-c240706,数据驱动自适应评判控制研究进展,10.16383/j.aas.c240706,2025,"[""Ding Wang"", ""Ming-Ming Zhao"", ""De-Rong Liu"", ""Jun-Fei Qiao"", ""Shi-Jie Song""]","[""Beijing University of Technology"", ""Southern University of Science and Technology"", ""Southwest Jiaotong University""]","[""CN""]","[""Beijing"", ""Guangdong"", ""Sichuan""]",,False,https://scholar.google.com/scholar?cites=5565069619425376379&start=0&hl=en,https://www.sciengine.com/parse/pdf/0254-4156/6903A15E66664B2798AA290A0F40F47F.pdf,2026-09-09 14:18:36 UTC
47,10.1109/tsmc.2023.3327450,W4388579581,AzmbJ0CAJBYJ,W4393188243,Parallel Cross Entropy Policy Gradient Adaptive Dynamic Programming for Optimal Tracking Control of Discrete-Time Nonlinear Systems,10.1109/tsmc.2024.3373456,2024,"[""Jiahui Xu"", ""Jingcheng Wang"", ""Jun Rao"", ""Yanjiu Zhong"", ""Shunyu Wu"", ""Qifang Sun""]","[""Shanghai Jiao Tong University""]","[""CN""]","[""Shanghai""]",,True,https://scholar.google.com/scholar?cites=5565069619425376379&start=0&hl=en,https://ieeexplore.ieee.org/abstract/document/10479581/,2026-09-09 14:18:36 UTC
48,10.1109/tsmc.2023.3327450,W4388579581,Kb_mA1tbzZwJ,W7164919297,Online Value Iteration for Unknown Nonlinear Multiagent Systems: A Model-Decoupled Encoding–Decoding Mechanism,10.1109/tnnls.2026.3700775,2026,"[""Tong Zhang"", ""Yiyan Han"", ""Le You"", ""Xin Wang""]","[""Southwest University""]","[""CN""]","[""Chongqing""]",,False,https://scholar.google.com/scholar?cites=5565069619425376379&start=0&hl=en,https://ieeexplore.ieee.org/abstract/document/11568881/,2026-09-09 14:18:36 UTC
49,10.1109/tsmc.2023.3327450,W4388579581,Vfilx60IjzgJ,W4407865237,Rapid dynamical learning from neural control of sampled-data nonlinear systems via pseudo-inverse regression filter vector signal,10.1016/j.jfranklin.2025.107585,2025,"[""Dengxiang Liang"", ""Min Wang""]","[""South China University of Technology""]","[""CN""]","[""Guangdong""]",,False,https://scholar.google.com/scholar?cites=5565069619425376379&start=0&hl=en,https://www.sciencedirect.com/science/article/pii/S0016003225000791,2026-09-09 14:18:36 UTC
50,10.1109/tsmc.2023.3327450,W4388579581,S8LHklPsjzIJ,W4410770862,Reinforcement Learning-Based Dynamic Programming Control for Robust Disturbance Rejection and Error Minimization in Dynamic Systems,10.1109/cacml64929.2025.11010957,2025,"[""Amoh Mensah Akwasi"", ""Haoyong Chen"", ""Junfeng Liu""]","[""South China University of Technology""]","[""CN""]","[""Guangdong""]",,False,https://scholar.google.com/scholar?cites=5565069619425376379&start=0&hl=en,https://ieeexplore.ieee.org/abstract/document/11010957/,2026-09-09 14:18:36 UTC
51,10.1109/tsmc.2023.3327450,W4388579581,Kvi96Pdm8FoJ,W4396930200,Observer-based dual-dynamic event-triggered mechanism design for balance control of motion robots,10.3934/dcdss.2024071,2024,"[""Shouzhuan Chen"", ""Yiming Yang"", ""Shuxian Zhu"", ""Baoping Jiang""]","[""Suzhou University of Science and Technology""]","[""CN""]","[""Jiangsu""]",,False,https://scholar.google.com/scholar?cites=5565069619425376379&start=0&hl=en,https://www.aimsciences.org/article/doi/10.3934/dcdss.2024071,2026-09-09 14:18:36 UTC
52,10.1109/tsmc.2023.3327450,W4388579581,0i8CusPKW8AJ,W7172428666,Discrete-time Optimal Formation Control of Unmanned Vehicles Based on Policy Gradient Adaptive Dynamic Programming,10.1109/yac71005.2026.11615894,2026,"[""Wangyu Cao"", ""Zhe Zhou"", ""Yuxuan Wu"", ""Zhuoyan Ji"", ""Zhengtao Ye"", ""Shixun Xiong""]","[""Nanjing University of Posts and Telecommunications""]","[""CN""]","[""Jiangsu""]",,False,https://scholar.google.com/scholar?cites=5565069619425376379&start=0&hl=en,https://ieeexplore.ieee.org/abstract/document/11615894/,2026-09-09 14:18:36 UTC
53,10.1109/tsg.2025.3601238,W4413754711,WT1IFpBCNXQJ,W7131618216,An End-to-End Learning Model With Quantization Technology for Dynamic Prediction-Decision Joint-Making in Active Distribution Networks,10.1109/tsg.2026.3668484,2026,"[""Fenglin Cai"", ""Zhiming Dong"", ""Xiaodong Yang"", ""Jie Li"", ""Zhixiang Hao"", ""Yaoyao He"", ""Helong Li""]","[""Chongqing University of Science and Technology"", ""Hefei University of Technology""]","[""CN""]","[""Anhui"", ""Chongqing""]",,False,https://scholar.google.com/scholar?cites=10373990695958943321&start=0&hl=en,https://ieeexplore.ieee.org/abstract/document/11414224/,2026-09-09 14:18:36 UTC
54,10.1109/tsg.2025.3601238,W4413754711,VPp-Bxelnw4J,W7117981005,Integrated optimal operation of power and water systems under uncertainty: An adjustable robust optimization approach,10.1016/j.watres.2026.125325,2026,"[""Gal Perelman"", ""Mashor Housh"", ""Aviad Navon"", ""Avi Ostfeld""]","[""Technion – Israel Institute of Technology"", ""University of Haifa"", ""University of Michigan""]","[""IL"", ""US""]","[""Haifa"", ""Michigan""]",,False,https://scholar.google.com/scholar?cites=10373990695958943321&start=0&hl=en,https://www.sciencedirect.com/science/article/pii/S0043135426000072,2026-09-09 14:18:36 UTC
55,10.1109/tsg.2025.3601238,W4413754711,SQnujyFlij0J,W7154605970,Economic dispatch method for islanded microgrids based on BO-DW-TD3,10.1016/j.egyr.2026.109331,2026,"[""Long Cheng"", ""B Zhang"", ""Jun Yang"", ""Bo Liu""]","[""Hunan Agricultural University"", ""Hunan University""]","[""CN""]","[""Hunan""]",,False,https://scholar.google.com/scholar?cites=10373990695958943321&start=0&hl=en,https://www.sciencedirect.com/science/article/pii/S2352484726003008,2026-09-09 14:18:36 UTC
56,10.1109/tsg.2025.3601238,W4413754711,_B81siYHD7UJ,W7164987453,Coordinated optimal scheduling of island micro water–energy nexus considering multi-source uncertainty and extreme risks,10.1063/5.0337442,2026,"[""Yudan Hou"", ""Alexis Pengfei Zhao"", ""Xianlong Li"", ""Longsheng Wang"", ""Da Xie""]","[""Environmental and Water Resources Engineering"", ""Shanghai Jiao Tong University"", ""Stanford University""]","[""CN"", ""IL"", ""US""]","[""California"", ""Haifa"", ""Shanghai""]",,False,https://scholar.google.com/scholar?cites=10373990695958943321&start=0&hl=en,https://pubs.aip.org/aip/jrse/article/18/3/036309/3395769,2026-09-09 14:18:36 UTC
57,10.1109/tsg.2025.3601238,W4413754711,6AWId03N1MoJ,W7165380963,Decision-Focused Learning for Energy Arbitrage: From Probabilistic Forecasting to Risk-Averse Stochastic Optimization,10.1145/3765611.3815386,2026,"[""Steven Oufan Hai"", ""Omid Ardakanian""]","[""University of Alberta""]","[""CA""]","[""Alberta""]",,False,https://scholar.google.com/scholar?cites=10373990695958943321&start=0&hl=en,https://dl.acm.org/doi/abs/10.1145/3765611.3815386,2026-09-09 14:18:36 UTC
58,10.1109/tsg.2025.3601238,W4413754711,IcAPltpH7iEJ,W7197003632,Decision-Oriented Machine Learning for Renewable-Dominated Power System Planning Under Uncertainty: A Review,10.2139/ssrn.7185818,2026,"[""Ishmael Fynn Cudjoe""]","[""University of Mines and Technology""]","[""GH""]","[""Western""]",,False,https://scholar.google.com/scholar?cites=10373990695958943321&start=0&hl=en,https://papers.ssrn.com/sol3/papers.cfm?abstract_id=7185818,2026-09-09 14:18:36 UTC
59,10.23919/ccc52363.2021.9550182,W3202625584,gH79V1RMjtkJ,W4407019097,"Machine learning for smart water distribution systems: exploring applications, challenges and future perspectives",10.1007/s10462-024-11093-7,2025,"[""Redemptor Jr Laceda Taloma"", ""Francesca Cuomo"", ""Danilo Comminiello"", ""P. Pisani""]","[""Consorzio Nazionale Interuniversitario per le Telecomunicazioni"", ""Sapienza University of Rome""]","[""IT""]","[""Emilia-Romagna"", ""Lazio""]",,False,https://scholar.google.com/scholar?cites=11079227468890272109&start=0&hl=en,https://link.springer.com/article/10.1007/s10462-024-11093-7,2026-09-09 14:18:36 UTC
60,10.23919/ccc52363.2021.9550182,W3202625584,P_JbaxzAoZUJ,W4399709078,Knowledge-based Bi-correction model for achieving effective lag-free characteristic on daily urban water demand forecasting,10.1016/j.eswa.2024.124508,2024,"[""Shunyu Wu"", ""Jingcheng Wang"", ""Haotian Xu"", ""Shangwei Zhao"", ""Jiahui Xu""]","[""Shandong University"", ""Shanghai Jiao Tong University""]","[""CN""]","[""Shandong"", ""Shanghai""]",,True,https://scholar.google.com/scholar?cites=11079227468890272109&start=0&hl=en,https://www.sciencedirect.com/science/article/pii/S0957417424013757,2026-09-09 14:18:36 UTC
61,10.23919/ccc52363.2021.9550182,W3202625584,3CPzFut-MYsJ,W4313043169,Embedded Real-Time Speed Forecasting for Electric Vehicles: A Case Study on RSK Urban Roads,10.1109/access.2022.3225643,2022,"[""Y. NaitMalek"", ""Mehdi Najib"", ""Mohamed Bakhouya"", ""Jaafar Gaber"", ""Mohamed Essaaidi""]","[""Centre National de la Recherche Scientifique"", ""Franche-Comté Électronique Mécanique Thermique et Optique - Sciences et Technologies"", ""International University of Rabat"", ""Mohammed V University"", ""Université de technologie de belfort-montbéliard""]","[""FR"", ""MA""]","[""Bourgogne-Franche-Comté"", ""Rabat-Salé-Kénitra"", ""Île-de-France""]",,False,https://scholar.google.com/scholar?cites=11079227468890272109&start=0&hl=en,https://ieeexplore.ieee.org/abstract/document/9966589/,2026-09-09 14:18:36 UTC
62,10.23919/ccc52363.2021.9550182,W3202625584,clFe_WW19ZIJ,W7117985712,Secure Management of a Water Distribution Network in Multi-tenant Scenarios,10.1007/978-3-032-13744-9_8,2026,"[""Pierluigi Locatelli"", ""Tiziana Cattai"", ""Pietro Spadaccino"", ""Francesca Cuomo""]","[""Sapienza University of Rome""]","[""IT""]","[""Lazio""]",,False,https://scholar.google.com/scholar?cites=11079227468890272109&start=0&hl=en,https://link.springer.com/chapter/10.1007/978-3-032-13744-9_8,2026-09-09 14:18:36 UTC
63,10.23919/ccc52363.2021.9550182,W3202625584,2ud1r3E_y0QJ,W4313043169,Embedded Real-Time Speed Forecasting for Electric Vehicles: A Case Study on RSK Urban Roads,10.1109/access.2022.3225643,2022,"[""Y. NaitMalek"", ""Mehdi Najib"", ""Mohamed Bakhouya"", ""Jaafar Gaber"", ""Mohamed Essaaidi""]","[""Centre National de la Recherche Scientifique"", ""Franche-Comté Électronique Mécanique Thermique et Optique - Sciences et Technologies"", ""International University of Rabat"", ""Mohammed V University"", ""Université de technologie de belfort-montbéliard""]","[""FR"", ""MA""]","[""Bourgogne-Franche-Comté"", ""Rabat-Salé-Kénitra"", ""Île-de-France""]",3CPzFut-MYsJ,False,https://scholar.google.com/scholar?cites=11079227468890272109&start=0&hl=en,https://www.academia.edu/download/96535875/09966589.pdf,2026-09-09 14:18:36 UTC
64,10.1109/tcss.2023.3272330,W4376479136,WRbX_5LR948J,W4413754711,End-to-End Stochastic Predict-Then-Optimize for Cost-Efficient Water-Energy Resource Scheduling,10.1109/tsg.2025.3601238,2025,"[""Shunyu Wu"", ""Jingcheng Wang"", ""Haotian Xu"", ""Yanjiu Zhong"", ""Jun Rao""]","[""Hefei University of Technology"", ""Ministry of Education of the People's Republic of China"", ""Shandong University"", ""Shanghai Jiao Tong University""]","[""CN""]","[""Anhui"", ""Beijing"", ""Shandong"", ""Shanghai""]",,True,https://scholar.google.com/scholar?cites=16572637879701461247&start=0&hl=en,https://ieeexplore.ieee.org/abstract/document/11142824/,2026-09-09 14:18:36 UTC
65,10.1109/tcss.2023.3272330,W4376479136,xmrOF-ptaBkJ,W7166318156,Fixed-Interval Sampling for Water Distribution System Monitoring: An Adaptive Strategy through Time-Frequency Analysis,10.1061/jwrmd5.wreng-7312,2026,"[""Shaosong Wei"", ""Zhigang Liu"", ""Jie Fei"", ""Tingchao Yu"", ""Avi Ostfeld"", ""Shipeng Chu""]","[""Ningxia Water Conservancy"", ""Technion – Israel Institute of Technology"", ""Zhejiang University""]","[""CN"", ""IL""]","[""Haifa"", ""Ningxia"", ""Zhejiang""]",,False,https://scholar.google.com/scholar?cites=16572637879701461247&start=0&hl=en,https://ascelibrary.org/doi/abs/10.1061/JWRMD5.WRENG-7312,2026-09-09 14:18:36 UTC
66,10.1016/j.ifacol.2023.10.581,W4388904509,G4yFVXeoo9oJ,IFIP1571131460,Centrality-Aware Machine Learning for Water Network Pressure Prediction,,2025,"[""Federico Amato"", ""Antonino Pagano"", ""Gabriele Restuccia"", ""Ilenia Tinnirello""]","[""Consorzio Nazionale Interuniversitario per le Telecomunicazioni"", ""University of Palermo""]","[""IT""]","[""Emilia-Romagna"", ""Sicily""]",,False,https://scholar.google.com/scholar?cites=3555488285760198709&start=0&hl=en,https://networking.ifip.org/2025/images/Net25_papers/1571131460.pdf,2026-09-09 14:18:36 UTC
